-- Auto-generated. Do not hand-edit.
begin;

-- ── 50 state districts ─────────────────────────────────────────────
insert into public.districts (id, name, state) values
  ('AL', 'Alabama', 'AL'),
  ('AK', 'Alaska', 'AK'),
  ('AZ', 'Arizona', 'AZ'),
  ('AR', 'Arkansas', 'AR'),
  ('CA', 'California', 'CA'),
  ('CO', 'Colorado', 'CO'),
  ('CT', 'Connecticut', 'CT'),
  ('DE', 'Delaware', 'DE'),
  ('FL', 'Florida', 'FL'),
  ('GA', 'Georgia', 'GA'),
  ('HI', 'Hawaii', 'HI'),
  ('ID', 'Idaho', 'ID'),
  ('IL', 'Illinois', 'IL'),
  ('IN', 'Indiana', 'IN'),
  ('IA', 'Iowa', 'IA'),
  ('KS', 'Kansas', 'KS'),
  ('KY', 'Kentucky', 'KY'),
  ('LA', 'Louisiana', 'LA'),
  ('ME', 'Maine', 'ME'),
  ('MD', 'Maryland', 'MD'),
  ('MA', 'Massachusetts', 'MA'),
  ('MI', 'Michigan', 'MI'),
  ('MN', 'Minnesota', 'MN'),
  ('MS', 'Mississippi', 'MS'),
  ('MO', 'Missouri', 'MO'),
  ('MT', 'Montana', 'MT'),
  ('NE', 'Nebraska', 'NE'),
  ('NV', 'Nevada', 'NV'),
  ('NH', 'New Hampshire', 'NH'),
  ('NJ', 'New Jersey', 'NJ'),
  ('NM', 'New Mexico', 'NM'),
  ('NY', 'New York', 'NY'),
  ('NC', 'North Carolina', 'NC'),
  ('ND', 'North Dakota', 'ND'),
  ('OH', 'Ohio', 'OH'),
  ('OK', 'Oklahoma', 'OK'),
  ('OR', 'Oregon', 'OR'),
  ('PA', 'Pennsylvania', 'PA'),
  ('RI', 'Rhode Island', 'RI'),
  ('SC', 'South Carolina', 'SC'),
  ('SD', 'South Dakota', 'SD'),
  ('TN', 'Tennessee', 'TN'),
  ('TX', 'Texas', 'TX'),
  ('UT', 'Utah', 'UT'),
  ('VT', 'Vermont', 'VT'),
  ('VA', 'Virginia', 'VA'),
  ('WA', 'Washington', 'WA'),
  ('WV', 'West Virginia', 'WV'),
  ('WI', 'Wisconsin', 'WI'),
  ('WY', 'Wyoming', 'WY')
on conflict (id) do nothing;

-- ── Washington chapters ────────────────────────────────────────────
insert into public.chapters (id, district_id, name, school, city, state) values
  ('WA-001', 'WA', 'Elma High School (Elma)', 'Elma High School', 'Elma', 'WA'),
  ('WA-002', 'WA', 'Nooksack Valley High School (Everson)', 'Nooksack Valley High School', 'Everson', 'WA'),
  ('WA-003', 'WA', 'Rochester High School (Rochester)', 'Rochester High School', 'Rochester', 'WA'),
  ('WA-004', 'WA', 'Kiona-Benton High School (Benton City)', 'Kiona-Benton High School', 'Benton City', 'WA'),
  ('WA-005', 'WA', 'Moses Lake High School (Moses Lake)', 'Moses Lake High School', 'Moses Lake', 'WA'),
  ('WA-006', 'WA', 'Mark Morris High School (Longview)', 'Mark Morris High School', 'Longview', 'WA'),
  ('WA-007', 'WA', 'Grover Cleveland STEM High School (Seattle)', 'Grover Cleveland STEM High School', 'Seattle', 'WA'),
  ('WA-008', 'WA', 'Centralia High School (Centralia)', 'Centralia High School', 'Centralia', 'WA'),
  ('WA-009', 'WA', 'Robert A. Long High School (Longview)', 'Robert A. Long High School', 'Longview', 'WA'),
  ('WA-010', 'WA', 'Aberdeen High School (Aberdeen)', 'Aberdeen High School', 'Aberdeen', 'WA'),
  ('WA-011', 'WA', 'White Pass High School (Randle)', 'White Pass High School', 'Randle', 'WA'),
  ('WA-012', 'WA', 'Kelso High School (Kelso)', 'Kelso High School', 'Kelso', 'WA'),
  ('WA-013', 'WA', 'Sequim High School (Sequim)', 'Sequim High School', 'Sequim', 'WA'),
  ('WA-014', 'WA', 'Tumwater High School (Tumwater)', 'Tumwater High School', 'Tumwater', 'WA'),
  ('WA-015', 'WA', 'Thorp High School (Thorp)', 'Thorp High School', 'Thorp', 'WA'),
  ('WA-016', 'WA', 'Wenatchee High School (Wenatchee)', 'Wenatchee High School', 'Wenatchee', 'WA'),
  ('WA-017', 'WA', 'Sedro Woolley High School (Sedro Woolley)', 'Sedro Woolley High School', 'Sedro Woolley', 'WA'),
  ('WA-018', 'WA', 'Granger High School (Granger)', 'Granger High School', 'Granger', 'WA'),
  ('WA-019', 'WA', 'Port Angeles High School (Port Angeles)', 'Port Angeles High School', 'Port Angeles', 'WA'),
  ('WA-020', 'WA', 'Prosser High School (Prosser)', 'Prosser High School', 'Prosser', 'WA'),
  ('WA-021', 'WA', 'Hoquiam High School (Hoquiam)', 'Hoquiam High School', 'Hoquiam', 'WA'),
  ('WA-022', 'WA', 'Ellensburg Senior High School (Ellensburg)', 'Ellensburg Senior High School', 'Ellensburg', 'WA'),
  ('WA-023', 'WA', 'Snohomish High School (Snohomish)', 'Snohomish High School', 'Snohomish', 'WA'),
  ('WA-024', 'WA', 'Evergreen Senior High School (Seattle)', 'Evergreen Senior High School', 'Seattle', 'WA'),
  ('WA-025', 'WA', 'Arlington High School (Arlington)', 'Arlington High School', 'Arlington', 'WA'),
  ('WA-026', 'WA', 'Walla Walla High School (Walla Walla)', 'Walla Walla High School', 'Walla Walla', 'WA'),
  ('WA-027', 'WA', 'Kittitas High School (Kittitas)', 'Kittitas High School', 'Kittitas', 'WA'),
  ('WA-028', 'WA', 'Olympia High School (Olympia)', 'Olympia High School', 'Olympia', 'WA'),
  ('WA-029', 'WA', 'Sunnyside High School (Sunnyside)', 'Sunnyside High School', 'Sunnyside', 'WA'),
  ('WA-030', 'WA', 'Willapa Valley Middle and High School (Menlo)', 'Willapa Valley Middle and High School', 'Menlo', 'WA'),
  ('WA-031', 'WA', 'Mossyrock High School (Mossyrock)', 'Mossyrock High School', 'Mossyrock', 'WA'),
  ('WA-032', 'WA', 'La Center High School (La Center)', 'La Center High School', 'La Center', 'WA'),
  ('WA-033', 'WA', 'Zillah High School (Zillah)', 'Zillah High School', 'Zillah', 'WA'),
  ('WA-034', 'WA', 'Anacortes High School (Anacortes)', 'Anacortes High School', 'Anacortes', 'WA'),
  ('WA-035', 'WA', 'Mariner High School (Everett)', 'Mariner High School', 'Everett', 'WA'),
  ('WA-036', 'WA', 'Yelm High School (Yelm)', 'Yelm High School', 'Yelm', 'WA'),
  ('WA-037', 'WA', 'Bothell High School (Bothell)', 'Bothell High School', 'Bothell', 'WA'),
  ('WA-038', 'WA', 'North Thurston High School (Lacey)', 'North Thurston High School', 'Lacey', 'WA'),
  ('WA-039', 'WA', 'Othello High School (Othello)', 'Othello High School', 'Othello', 'WA'),
  ('WA-040', 'WA', 'Mount Vernon High School (Mount Vernon)', 'Mount Vernon High School', 'Mount Vernon', 'WA'),
  ('WA-041', 'WA', 'Orting High School (Orting)', 'Orting High School', 'Orting', 'WA'),
  ('WA-042', 'WA', 'Timberline High School (Olympia)', 'Timberline High School', 'Olympia', 'WA'),
  ('WA-043', 'WA', 'Tahoma High School (Maple Valley)', 'Tahoma High School', 'Maple Valley', 'WA'),
  ('WA-044', 'WA', 'Reardan High School (Reardan)', 'Reardan High School', 'Reardan', 'WA'),
  ('WA-045', 'WA', 'Stadium High School (Tacoma)', 'Stadium High School', 'Tacoma', 'WA'),
  ('WA-046', 'WA', 'Granite Falls High School (Granite Falls)', 'Granite Falls High School', 'Granite Falls', 'WA'),
  ('WA-047', 'WA', 'Cascade High School (Everett) (Everett)', 'Cascade High School (Everett)', 'Everett', 'WA'),
  ('WA-048', 'WA', 'Okanogan High School (Okanogan)', 'Okanogan High School', 'Okanogan', 'WA'),
  ('WA-049', 'WA', 'Everett High School (Everett)', 'Everett High School', 'Everett', 'WA'),
  ('WA-050', 'WA', 'Dayton High School (Dayton)', 'Dayton High School', 'Dayton', 'WA'),
  ('WA-051', 'WA', 'Stanwood High School (Stanwood)', 'Stanwood High School', 'Stanwood', 'WA'),
  ('WA-052', 'WA', 'Soap Lake High School (Soap Lake)', 'Soap Lake High School', 'Soap Lake', 'WA'),
  ('WA-053', 'WA', 'Castle Rock High School (Castle Rock)', 'Castle Rock High School', 'Castle Rock', 'WA'),
  ('WA-054', 'WA', 'North Kitsap High School (Poulsbo)', 'North Kitsap High School', 'Poulsbo', 'WA'),
  ('WA-055', 'WA', 'Mount Rainier High School (Des Moines)', 'Mount Rainier High School', 'Des Moines', 'WA'),
  ('WA-056', 'WA', 'Lake Washington High School (Kirkland)', 'Lake Washington High School', 'Kirkland', 'WA'),
  ('WA-057', 'WA', 'Omak High School (Omak)', 'Omak High School', 'Omak', 'WA'),
  ('WA-058', 'WA', 'Columbia High School (White Salmon)', 'Columbia High School', 'White Salmon', 'WA'),
  ('WA-059', 'WA', 'Ingraham High School (Seattle)', 'Ingraham High School', 'Seattle', 'WA'),
  ('WA-060', 'WA', 'Oak Harbor High School (Oak Harbor)', 'Oak Harbor High School', 'Oak Harbor', 'WA'),
  ('WA-061', 'WA', 'Manson Secondary School (Manson)', 'Manson Secondary School', 'Manson', 'WA'),
  ('WA-062', 'WA', 'Washougal High School (Washougal)', 'Washougal High School', 'Washougal', 'WA'),
  ('WA-063', 'WA', 'Hazen High School (Renton)', 'Hazen High School', 'Renton', 'WA'),
  ('WA-064', 'WA', 'Newport High School (Newport)', 'Newport High School', 'Newport', 'WA'),
  ('WA-065', 'WA', 'Burlington-Edison High School (Burlington)', 'Burlington-Edison High School', 'Burlington', 'WA'),
  ('WA-066', 'WA', 'Oakville School District (Oakville)', 'Oakville School District', 'Oakville', 'WA'),
  ('WA-067', 'WA', 'Woodland High School (Woodland)', 'Woodland High School', 'Woodland', 'WA'),
  ('WA-068', 'WA', 'Bethel High School (Spanaway)', 'Bethel High School', 'Spanaway', 'WA'),
  ('WA-069', 'WA', 'Pomeroy High School (Pomeroy)', 'Pomeroy High School', 'Pomeroy', 'WA'),
  ('WA-070', 'WA', 'Goldendale High School (Goldendale)', 'Goldendale High School', 'Goldendale', 'WA'),
  ('WA-071', 'WA', 'Asotin High School (Asotin)', 'Asotin High School', 'Asotin', 'WA'),
  ('WA-072', 'WA', 'Concrete High School (Concrete)', 'Concrete High School', 'Concrete', 'WA'),
  ('WA-073', 'WA', 'Medical Lake High School (Medical Lake)', 'Medical Lake High School', 'Medical Lake', 'WA'),
  ('WA-074', 'WA', 'Fort Vancouver High School (Vancouver)', 'Fort Vancouver High School', 'Vancouver', 'WA'),
  ('WA-075', 'WA', 'Wapato Senior High School (Wapato)', 'Wapato Senior High School', 'Wapato', 'WA'),
  ('WA-076', 'WA', 'East Valley High School (Spokane)', 'East Valley High School', 'Spokane', 'WA'),
  ('WA-077', 'WA', 'Shelton High School (Shelton)', 'Shelton High School', 'Shelton', 'WA'),
  ('WA-078', 'WA', 'Tonasket High School (Tonasket)', 'Tonasket High School', 'Tonasket', 'WA'),
  ('WA-079', 'WA', 'Lake Roosevelt High School (Coulee Dam)', 'Lake Roosevelt High School', 'Coulee Dam', 'WA'),
  ('WA-080', 'WA', 'Odessa High School (Odessa)', 'Odessa High School', 'Odessa', 'WA'),
  ('WA-081', 'WA', 'Rainier High School (Rainier)', 'Rainier High School', 'Rainier', 'WA'),
  ('WA-082', 'WA', 'Inglemoor High School (Kenmore)', 'Inglemoor High School', 'Kenmore', 'WA'),
  ('WA-083', 'WA', 'Cascade High School (Leavenworth) (Leavenworth)', 'Cascade High School (Leavenworth)', 'Leavenworth', 'WA'),
  ('WA-084', 'WA', 'Wilbur High School (Wilbur)', 'Wilbur High School', 'Wilbur', 'WA'),
  ('WA-085', 'WA', 'Lynden High School (Lynden)', 'Lynden High School', 'Lynden', 'WA'),
  ('WA-086', 'WA', 'Eastmont High School (East Wenatchee)', 'Eastmont High School', 'East Wenatchee', 'WA'),
  ('WA-087', 'WA', 'Washtucna High School (Washtucna)', 'Washtucna High School', 'Washtucna', 'WA'),
  ('WA-088', 'WA', 'Coupeville High School (Coupeville)', 'Coupeville High School', 'Coupeville', 'WA'),
  ('WA-089', 'WA', 'Davenport High School (Davenport)', 'Davenport High School', 'Davenport', 'WA'),
  ('WA-090', 'WA', 'Quincy High School (Quincy)', 'Quincy High School', 'Quincy', 'WA'),
  ('WA-091', 'WA', 'North Beach Middle/Senior High School (Ocean Shores)', 'North Beach Middle/Senior High School', 'Ocean Shores', 'WA'),
  ('WA-092', 'WA', 'Riverside High School (Chattaroy)', 'Riverside High School', 'Chattaroy', 'WA'),
  ('WA-093', 'WA', 'Ocosta High School (Westport)', 'Ocosta High School', 'Westport', 'WA'),
  ('WA-094', 'WA', 'Lindbergh High School (Renton)', 'Lindbergh High School', 'Renton', 'WA'),
  ('WA-095', 'WA', 'University High School (Spokane Valley)', 'University High School', 'Spokane Valley', 'WA'),
  ('WA-096', 'WA', 'West Valley High School (Spokane)', 'West Valley High School', 'Spokane', 'WA'),
  ('WA-097', 'WA', 'Columbia-Burbank High School (Burbank)', 'Columbia-Burbank High School', 'Burbank', 'WA'),
  ('WA-098', 'WA', 'Morton Junior Senior High (Morton)', 'Morton Junior Senior High', 'Morton', 'WA'),
  ('WA-099', 'WA', 'Bainbridge High School (Bainbridge Island)', 'Bainbridge High School', 'Bainbridge Island', 'WA'),
  ('WA-100', 'WA', 'Chimacum High School (Chimacum)', 'Chimacum High School', 'Chimacum', 'WA'),
  ('WA-101', 'WA', 'White Swan High School (White Swan)', 'White Swan High School', 'White Swan', 'WA'),
  ('WA-102', 'WA', 'Highline High School (Burien)', 'Highline High School', 'Burien', 'WA'),
  ('WA-103', 'WA', 'Woodinville High School (Woodinville)', 'Woodinville High School', 'Woodinville', 'WA'),
  ('WA-104', 'WA', 'Walla Walla Community College - Clarkston (Clarkston)', 'Walla Walla Community College - Clarkston', 'Clarkston', 'WA'),
  ('WA-105', 'WA', 'Ritzville High School (Ritzville)', 'Ritzville High School', 'Ritzville', 'WA'),
  ('WA-106', 'WA', 'Wilson Creek High School (Wilson Creek)', 'Wilson Creek High School', 'Wilson Creek', 'WA'),
  ('WA-107', 'WA', 'Royal High School (Royal City)', 'Royal High School', 'Royal City', 'WA'),
  ('WA-108', 'WA', 'Winlock High School (Winlock)', 'Winlock High School', 'Winlock', 'WA'),
  ('WA-109', 'WA', 'Toutle Lake High School (Toutle)', 'Toutle Lake High School', 'Toutle', 'WA'),
  ('WA-110', 'WA', 'Cashmere High School (Cashmere)', 'Cashmere High School', 'Cashmere', 'WA'),
  ('WA-111', 'WA', 'Ilwaco High School (Ilwaco)', 'Ilwaco High School', 'Ilwaco', 'WA'),
  ('WA-112', 'WA', 'Liberty High School (Spangle)', 'Liberty High School', 'Spangle', 'WA'),
  ('WA-113', 'WA', 'Blaine High School (Blaine)', 'Blaine High School', 'Blaine', 'WA'),
  ('WA-114', 'WA', 'Envision Career Academy (Lacey)', 'Envision Career Academy', 'Lacey', 'WA'),
  ('WA-115', 'WA', 'University of Washington (Seattle)', 'University of Washington', 'Seattle', 'WA'),
  ('WA-116', 'WA', 'Ephrata High School (Ephrata)', 'Ephrata High School', 'Ephrata', 'WA'),
  ('WA-117', 'WA', 'Squalicum High School (Bellingham)', 'Squalicum High School', 'Bellingham', 'WA'),
  ('WA-118', 'WA', 'Harrington High School (Harrington)', 'Harrington High School', 'Harrington', 'WA'),
  ('WA-119', 'WA', 'Wahluke High School (Mattawa)', 'Wahluke High School', 'Mattawa', 'WA'),
  ('WA-120', 'WA', 'Bellarmine Preparatory School (Tacoma)', 'Bellarmine Preparatory School', 'Tacoma', 'WA'),
  ('WA-121', 'WA', 'Cedarcrest High School (Duvall)', 'Cedarcrest High School', 'Duvall', 'WA'),
  ('WA-122', 'WA', 'Kamiak High School (Mukilteo)', 'Kamiak High School', 'Mukilteo', 'WA'),
  ('WA-123', 'WA', 'Foster High School (Tukwila)', 'Foster High School', 'Tukwila', 'WA'),
  ('WA-124', 'WA', 'River Ridge High School (Lacey)', 'River Ridge High School', 'Lacey', 'WA'),
  ('WA-125', 'WA', 'Touchet High School (Touchet)', 'Touchet High School', 'Touchet', 'WA'),
  ('WA-126', 'WA', 'Almira Coulee Hartline High School (Coulee City)', 'Almira Coulee Hartline High School', 'Coulee City', 'WA'),
  ('WA-127', 'WA', 'Chelan High School (Chelan)', 'Chelan High School', 'Chelan', 'WA'),
  ('WA-128', 'WA', 'Kalama High School (Kalama)', 'Kalama High School', 'Kalama', 'WA'),
  ('WA-129', 'WA', 'Evergreen High School (Vancouver)', 'Evergreen High School', 'Vancouver', 'WA'),
  ('WA-130', 'WA', 'Oroville High School (Oroville)', 'Oroville High School', 'Oroville', 'WA'),
  ('WA-131', 'WA', 'Toledo High School (Toledo)', 'Toledo High School', 'Toledo', 'WA'),
  ('WA-132', 'WA', 'Mary Walker High School (Springdale)', 'Mary Walker High School', 'Springdale', 'WA'),
  ('WA-133', 'WA', 'Freeman High School (Rockford)', 'Freeman High School', 'Rockford', 'WA'),
  ('WA-134', 'WA', 'Heritage High School (Vancouver)', 'Heritage High School', 'Vancouver', 'WA'),
  ('WA-135', 'WA', 'Mountain View High School (Vancouver)', 'Mountain View High School', 'Vancouver', 'WA'),
  ('WA-136', 'WA', 'Wilson Creek Junior High (Wilson Creek)', 'Wilson Creek Junior High', 'Wilson Creek', 'WA'),
  ('WA-137', 'WA', 'Peninsula College (Port Angeles)', 'Peninsula College', 'Port Angeles', 'WA'),
  ('WA-138', 'WA', 'Fife High School (Fife)', 'Fife High School', 'Fife', 'WA'),
  ('WA-139', 'WA', 'Eatonville High School (Eatonville)', 'Eatonville High School', 'Eatonville', 'WA'),
  ('WA-140', 'WA', 'International Community School (Kirkland)', 'International Community School', 'Kirkland', 'WA'),
  ('WA-141', 'WA', 'Henry M. Jackson High School (Mill Creek)', 'Henry M. Jackson High School', 'Mill Creek', 'WA'),
  ('WA-142', 'WA', 'Waitsburg High School (Waitsburg)', 'Waitsburg High School', 'Waitsburg', 'WA'),
  ('WA-143', 'WA', 'Cheney High School (Cheney)', 'Cheney High School', 'Cheney', 'WA'),
  ('WA-144', 'WA', 'Hockinson High School (Brush Prairie)', 'Hockinson High School', 'Brush Prairie', 'WA'),
  ('WA-145', 'WA', 'The Bear Creek School (Redmond)', 'The Bear Creek School', 'Redmond', 'WA'),
  ('WA-146', 'WA', 'Montesano High School (Montesano)', 'Montesano High School', 'Montesano', 'WA'),
  ('WA-147', 'WA', 'Spokane Valley High School (Spokane Valley)', 'Spokane Valley High School', 'Spokane Valley', 'WA'),
  ('WA-148', 'WA', 'Junior Highs--Eastmont (East Wenatchee)', 'Junior Highs--Eastmont', 'East Wenatchee', 'WA'),
  ('WA-149', 'WA', 'Columbia Junior High - 9th (Tacoma)', 'Columbia Junior High - 9th', 'Tacoma', 'WA'),
  ('WA-150', 'WA', 'Marysville Getchell High School (Marysville)', 'Marysville Getchell High School', 'Marysville', 'WA'),
  ('WA-151', 'WA', 'Colfax High School (Colfax)', 'Colfax High School', 'Colfax', 'WA'),
  ('WA-152', 'WA', 'Insight School of Washington (Tacoma)', 'Insight School of Washington', 'Tacoma', 'WA'),
  ('WA-153', 'WA', 'Union High School (Camas)', 'Union High School', 'Camas', 'WA'),
  ('WA-154', 'WA', 'Tesla STEM High School (Redmond)', 'Tesla STEM High School', 'Redmond', 'WA'),
  ('WA-155', 'WA', 'Pe Ell High School (Pe Ell)', 'Pe Ell High School', 'Pe Ell', 'WA'),
  ('WA-156', 'WA', 'Westwood Middle School (Spokane)', 'Westwood Middle School', 'Spokane', 'WA'),
  ('WA-157', 'WA', 'Columbia Basin Technical Skills Ctr - Tri Lambda (Moses Lake)', 'Columbia Basin Technical Skills Ctr - Tri Lambda', 'Moses Lake', 'WA'),
  ('WA-158', 'WA', 'Columbia Basin Technical Skills Center - Alpha (Moses Lake)', 'Columbia Basin Technical Skills Center - Alpha', 'Moses Lake', 'WA'),
  ('WA-159', 'WA', 'College Place High School (College Place)', 'College Place High School', 'College Place', 'WA'),
  ('WA-160', 'WA', 'Pope John Paul II High School (Lacey)', 'Pope John Paul II High School', 'Lacey', 'WA'),
  ('WA-161', 'WA', 'Adna High School (Adna)', 'Adna High School', 'Adna', 'WA'),
  ('WA-162', 'WA', 'Onalaska High School (Onalaska)', 'Onalaska High School', 'Onalaska', 'WA'),
  ('WA-163', 'WA', 'Sehome High School (Bellingham)', 'Sehome High School', 'Bellingham', 'WA'),
  ('WA-164', 'WA', 'Touchet Middle School (Touchet)', 'Touchet Middle School', 'Touchet', 'WA'),
  ('WA-165', 'WA', 'Cle Elum - Roslyn High School (Cle Elum)', 'Cle Elum - Roslyn High School', 'Cle Elum', 'WA'),
  ('WA-166', 'WA', 'International School (Bellevue)', 'International School', 'Bellevue', 'WA'),
  ('WA-167', 'WA', 'Soap Lake Middle School (Soap Lake)', 'Soap Lake Middle School', 'Soap Lake', 'WA'),
  ('WA-168', 'WA', 'North Creek High School (Bothell)', 'North Creek High School', 'Bothell', 'WA'),
  ('WA-169', 'WA', 'Washington - Virtual HS Chapter (Lacey)', 'Washington - Virtual HS Chapter', 'Lacey', 'WA'),
  ('WA-170', 'WA', 'Pomeroy Junior High School (Pomeroy)', 'Pomeroy Junior High School', 'Pomeroy', 'WA'),
  ('WA-171', 'WA', 'Komachin Middle School (Lacey)', 'Komachin Middle School', 'Lacey', 'WA'),
  ('WA-172', 'WA', 'Colfax Middle Level (Colfax)', 'Colfax Middle Level', 'Colfax', 'WA'),
  ('WA-173', 'WA', 'Goldendale Middle School (Goldendale)', 'Goldendale Middle School', 'Goldendale', 'WA'),
  ('WA-174', 'WA', 'Quileute Tribal (Okanogan)', 'Quileute Tribal', 'Okanogan', 'WA'),
  ('WA-175', 'WA', 'Washington Collegiate Direct ((statewide))', 'Washington Collegiate Direct', '(statewide)', 'WA'),
  ('WA-176', 'WA', 'Holy Names Academy (Seattle)', 'Holy Names Academy', 'Seattle', 'WA'),
  ('WA-177', 'WA', 'Grandview High School (Grandview)', 'Grandview High School', 'Grandview', 'WA'),
  ('WA-178', 'WA', 'The Overlake School (Redmond)', 'The Overlake School', 'Redmond', 'WA'),
  ('WA-179', 'WA', 'Wenatchee Valley Tech Center (Wenatchee)', 'Wenatchee Valley Tech Center', 'Wenatchee', 'WA'),
  ('WA-180', 'WA', 'Raisbeck Aviation High School (Tukwila)', 'Raisbeck Aviation High School', 'Tukwila', 'WA'),
  ('WA-181', 'WA', 'Lyle High School (Lyle)', 'Lyle High School', 'Lyle', 'WA'),
  ('WA-182', 'WA', 'Cascadia Technical Academy (Vancouver)', 'Cascadia Technical Academy', 'Vancouver', 'WA'),
  ('WA-183', 'WA', 'Ridgeline High School (Liberty Lake)', 'Ridgeline High School', 'Liberty Lake', 'WA'),
  ('WA-184', 'WA', 'Quincy Middle School (Quincy)', 'Quincy Middle School', 'Quincy', 'WA'),
  ('WA-185', 'WA', 'Lakewood High School (Arlington)', 'Lakewood High School', 'Arlington', 'WA'),
  ('WA-186', 'WA', 'John Sager Middle School (College Place)', 'John Sager Middle School', 'College Place', 'WA'),
  ('WA-187', 'WA', 'Toutle Lake Middle School (Toutle)', 'Toutle Lake Middle School', 'Toutle', 'WA'),
  ('WA-188', 'WA', 'Hudtloff Middle School (Lakewood)', 'Hudtloff Middle School', 'Lakewood', 'WA'),
  ('WA-189', 'WA', 'Washington Virtual Academy (Tacoma)', 'Washington Virtual Academy', 'Tacoma', 'WA'),
  ('WA-190', 'WA', 'Eastside Catholic School (Sammamish)', 'Eastside Catholic School', 'Sammamish', 'WA'),
  ('WA-191', 'WA', 'Washington Virtual Academies (Tacoma)', 'Washington Virtual Academies', 'Tacoma', 'WA'),
  ('WA-192', 'WA', 'Oakland High School (Tacoma)', 'Oakland High School', 'Tacoma', 'WA'),
  ('WA-193', 'WA', 'Montesano Junior High School (Montesano)', 'Montesano Junior High School', 'Montesano', 'WA'),
  ('WA-194', 'WA', 'Rainier Prep Charter Middle School (Seattle)', 'Rainier Prep Charter Middle School', 'Seattle', 'WA'),
  ('WA-195', 'WA', 'Lochburn Middle School (Lakewood)', 'Lochburn Middle School', 'Lakewood', 'WA'),
  ('WA-196', 'WA', 'Pateros High School (Pateros)', 'Pateros High School', 'Pateros', 'WA'),
  ('WA-197', 'WA', 'Charles Wright Academy (Tacoma)', 'Charles Wright Academy', 'Tacoma', 'WA'),
  ('WA-198', 'WA', 'Oroville Middle High School (Oroville)', 'Oroville Middle High School', 'Oroville', 'WA'),
  ('WA-199', 'WA', 'Rooted School Vancouver (Vancouver)', 'Rooted School Vancouver', 'Vancouver', 'WA'),
  ('WA-200', 'WA', 'West Auburn High School (Auburn)', 'West Auburn High School', 'Auburn', 'WA'),
  ('WA-201', 'WA', 'Mountain View High School - Middle Level (Vancouver)', 'Mountain View High School - Middle Level', 'Vancouver', 'WA'),
  ('WA-202', 'WA', 'Thorp Middle School (Thorp)', 'Thorp Middle School', 'Thorp', 'WA'),
  ('WA-203', 'WA', 'Cascade Middle School (Sedro Woolley)', 'Cascade Middle School', 'Sedro Woolley', 'WA'),
  ('WA-204', 'WA', 'Salish Middle School (Lacey)', 'Salish Middle School', 'Lacey', 'WA'),
  ('WA-205', 'WA', 'Aspire Performing Arts Academy Middle School (Lacey)', 'Aspire Performing Arts Academy Middle School', 'Lacey', 'WA'),
  ('WA-206', 'WA', 'Skyline High School (Sammamish)', 'Skyline High School', 'Sammamish', 'WA'),
  ('WA-207', 'WA', 'Walter Strom Middle School (Cle Elum)', 'Walter Strom Middle School', 'Cle Elum', 'WA'),
  ('WA-208', 'WA', 'Kittitas Middle School (Kittitas)', 'Kittitas Middle School', 'Kittitas', 'WA'),
  ('WA-209', 'WA', 'Washington Preparatory School (Bothell)', 'Washington Preparatory School', 'Bothell', 'WA'),
  ('WA-210', 'WA', 'Lake Roosevelt High School - Middle Level (Coulee Dam)', 'Lake Roosevelt High School - Middle Level', 'Coulee Dam', 'WA'),
  ('WA-211', 'WA', 'Clallam Bay High School (Clallam Bay)', 'Clallam Bay High School', 'Clallam Bay', 'WA'),
  ('WA-212', 'WA', 'Clallam Bay Middle School (Clallam Bay)', 'Clallam Bay Middle School', 'Clallam Bay', 'WA'),
  ('WA-213', 'WA', 'University Prep (Seattle)', 'University Prep', 'Seattle', 'WA'),
  ('WA-214', 'WA', 'Spokane Valley Tech (Spokane Valley)', 'Spokane Valley Tech', 'Spokane Valley', 'WA'),
  ('WA-215', 'WA', 'Newtech Skill Center (Spokane)', 'Newtech Skill Center', 'Spokane', 'WA'),
  ('WA-216', 'WA', 'Washington Connection Academy (Lacey)', 'Washington Connection Academy', 'Lacey', 'WA'),
  ('WA-217', 'WA', 'Vashon Island High School (Vashon)', 'Vashon Island High School', 'Vashon', 'WA'),
  ('WA-218', 'WA', 'Asotin Jr High School (Asotin)', 'Asotin Jr High School', 'Asotin', 'WA'),
  ('WA-219', 'WA', 'Ocosta Jr High School (Westport)', 'Ocosta Jr High School', 'Westport', 'WA'),
  ('WA-220', 'WA', 'Omak Middle School (Omak)', 'Omak Middle School', 'Omak', 'WA'),
  ('WA-221', 'WA', 'Innovation Lab High School (Bothell)', 'Innovation Lab High School', 'Bothell', 'WA'),
  ('WA-222', 'WA', 'Seattle Academy (Seattle)', 'Seattle Academy', 'Seattle', 'WA'),
  ('WA-223', 'WA', 'Garfield High School (Seattle)', 'Garfield High School', 'Seattle', 'WA'),
  ('WA-224', 'WA', 'Granite Falls Middle School (Granite Falls)', 'Granite Falls Middle School', 'Granite Falls', 'WA'),
  ('WA-225', 'WA', 'Castle Rock Middle School (Castle Rock)', 'Castle Rock Middle School', 'Castle Rock', 'WA'),
  ('WA-226', 'WA', 'Chinook Middle School (Lacey)', 'Chinook Middle School', 'Lacey', 'WA'),
  ('WA-227', 'WA', 'NW AllPrep (Vancouver)', 'NW AllPrep', 'Vancouver', 'WA'),
  ('WA-228', 'WA', 'Lincoln Middle School - Clarkston (Clarkston)', 'Lincoln Middle School - Clarkston', 'Clarkston', 'WA'),
  ('WA-229', 'WA', 'Tyee Middle School (Bellevue)', 'Tyee Middle School', 'Bellevue', 'WA'),
  ('WA-230', 'WA', 'Lincoln High School - Seattle (Seattle)', 'Lincoln High School - Seattle', 'Seattle', 'WA'),
  ('WA-231', 'WA', 'Cascadia College (Bothell)', 'Cascadia College', 'Bothell', 'WA')
on conflict (id) do nothing;

-- ── Advisor invite codes (hashed, far-future expiry) ───────────────
insert into public.advisor_invites (code_hash, chapter_id, district_id, expires_at) values
  ('9bf80ac75f560a6a0e0a912dc06cda46145617df7bf6411a74ade7c4455ac707', 'WA-001', 'WA', '2099-12-31 23:59:59+00'),
  ('f221c0bc11333aed3dc295d598bf140ee82fb6a39dbe10b59b79c8efcada568b', 'WA-002', 'WA', '2099-12-31 23:59:59+00'),
  ('653ec9027a41f5af3798e0911810d54b6324abd2cc7c165b11fbeb907416e3c7', 'WA-003', 'WA', '2099-12-31 23:59:59+00'),
  ('dac259a5c9b46bdd0b45227aad51d349298b4a4676caa83dbf7cc4d50b23332e', 'WA-004', 'WA', '2099-12-31 23:59:59+00'),
  ('ae3d978dbc4e2330c240d724a5aeedfe49ed8c9018229554592c3f0d2c12b216', 'WA-005', 'WA', '2099-12-31 23:59:59+00'),
  ('872bfbeef9c0fceecaf8503aeb50127d38450072a9fc8ae6912fc0aa8f380da7', 'WA-006', 'WA', '2099-12-31 23:59:59+00'),
  ('370a248a77d7a0e8f601acff559e69997b1eedcd1fe9708e8d2f9dfc4c5bca66', 'WA-007', 'WA', '2099-12-31 23:59:59+00'),
  ('ed0e1faa1e352c8385e25cc49b702c1b45bf0833716f4f8cefd9859b40e74747', 'WA-008', 'WA', '2099-12-31 23:59:59+00'),
  ('9b67fbe44a7e27186ef7b5c85cdc60cdfb4cb27435e94deea8df6c5ecc3a8aca', 'WA-009', 'WA', '2099-12-31 23:59:59+00'),
  ('0534a42e88126b92a878c60af77cba283e7d26728ab94d9c083190a3bc940bb8', 'WA-009', 'WA', '2099-12-31 23:59:59+00'),
  ('6452da3f7dc9367bdd0954e17ffa20035e397c10b18503685a59523881a1cda9', 'WA-010', 'WA', '2099-12-31 23:59:59+00'),
  ('be9c80aa643e7f73f6653564ca5bbab48d685da8962df13fc97ece303a85365c', 'WA-011', 'WA', '2099-12-31 23:59:59+00'),
  ('8eab4153fdca9170a39be1e573e9ddfd817f2b7d4088a1df4b07b74a708cef9b', 'WA-012', 'WA', '2099-12-31 23:59:59+00'),
  ('5267ab2dc3645f526c8afb823cf4d902694977b6ec0823fefe3c48a00803ee5e', 'WA-013', 'WA', '2099-12-31 23:59:59+00'),
  ('0c6b093d37d46a744a918a5de826ee48fedd2bb2ee20089611ab5e7fb50a0f41', 'WA-014', 'WA', '2099-12-31 23:59:59+00'),
  ('99e04a50288321f3762c1b4f5f1447b2afc58fdf6b4e9e5c851a752a5bcf088d', 'WA-015', 'WA', '2099-12-31 23:59:59+00'),
  ('2a7673096d6a28095c367a653631763031986c70714c4f491d173c5a2bf7ee8e', 'WA-016', 'WA', '2099-12-31 23:59:59+00'),
  ('e3c3975dbfc24c357f36b2f04a0c7f3c1c7ae47151cc37ca5b9fc536237ac42f', 'WA-017', 'WA', '2099-12-31 23:59:59+00'),
  ('f4e47af53fe7d2ec403e76a178d672e05097578480bfa91cd72e08b5fdb91845', 'WA-018', 'WA', '2099-12-31 23:59:59+00'),
  ('ef605863abdbcf1c736fdb61408fa76b8f2f213e7f1ffe515790fbdf7e00131a', 'WA-019', 'WA', '2099-12-31 23:59:59+00'),
  ('20e496f0759a30b18457f9ba5d8cf955cfd385e21e03c3d98273413584194284', 'WA-020', 'WA', '2099-12-31 23:59:59+00'),
  ('1d886a26a4c4ee33fa143c06f2256f88d282803d2309f8ebaa24ab1f5a73c8b5', 'WA-021', 'WA', '2099-12-31 23:59:59+00'),
  ('604e6663817625beb04f678336f88718c1f6d1988bf27f2655292cd3d2a437b7', 'WA-022', 'WA', '2099-12-31 23:59:59+00'),
  ('fede9641202d9db1cf0acc4e93fd5d52c4265f9760444a1300eac701c50196f6', 'WA-023', 'WA', '2099-12-31 23:59:59+00'),
  ('4cb1d904eea51bd3208a0ed4e403eb79adea86152f0c832091970c3ee1780f10', 'WA-025', 'WA', '2099-12-31 23:59:59+00'),
  ('a0e922d0116ed5c75670ac0245d2269b6b3704d3971011e73cfab1e6cf2c8c48', 'WA-026', 'WA', '2099-12-31 23:59:59+00'),
  ('74eefb4471704aad5b36fbbbde5efbf461a47942f063d383fa63493c1ff3f860', 'WA-027', 'WA', '2099-12-31 23:59:59+00'),
  ('9be3fc60b28851420fa72b9568cafd1ce82630a1788b9d93024e22bdd2fdfaca', 'WA-028', 'WA', '2099-12-31 23:59:59+00'),
  ('9a7a34e39525aeaa932ba6b304bbc0016d17536da69f6d8c51254bf807c9b421', 'WA-029', 'WA', '2099-12-31 23:59:59+00'),
  ('ab382e0b79410983b9ad5f0acce6b44c17cc87224d81b0a9c94fb1dc6aea2ffe', 'WA-030', 'WA', '2099-12-31 23:59:59+00'),
  ('d221fc33e00713e6159282b3cf40b482bf89379359c8dd0c83750bc8b26c9384', 'WA-031', 'WA', '2099-12-31 23:59:59+00'),
  ('e8f98c3121d213ba6514f5974325036e5fb59d9ec5ca35e168bd9a4deb39b3d2', 'WA-032', 'WA', '2099-12-31 23:59:59+00'),
  ('cebe074c4957c5a23e620eb83115af6bb2ec98666d88a2e811bd1ba1cead5396', 'WA-033', 'WA', '2099-12-31 23:59:59+00'),
  ('799c2a7f453c6ef065cb1aa174c59e4a843be18f939b24da2eafefebf456fae5', 'WA-034', 'WA', '2099-12-31 23:59:59+00'),
  ('f9ec6db42b3fe093f59508d8a0854f2987a5570761a9479b7dc76b9635ee1813', 'WA-035', 'WA', '2099-12-31 23:59:59+00'),
  ('a92c848a9b1b7a9acc80d7ec65629d7765d4060330d82f75a0211af11606e313', 'WA-036', 'WA', '2099-12-31 23:59:59+00'),
  ('a52aa9a225f86a84472840ebc81a5f777e8c06d991b8f2a8a2020c38e71c574c', 'WA-036', 'WA', '2099-12-31 23:59:59+00'),
  ('a812befc5b15a5ae3915dd1c3d1b9b8f708fdd651e41fb83bf15743fd75ff924', 'WA-036', 'WA', '2099-12-31 23:59:59+00'),
  ('594684ea90b93ab71a222813d10fa18712ed9864e9a9c49b04da15a01add591f', 'WA-036', 'WA', '2099-12-31 23:59:59+00'),
  ('d245ba622953cab201b8df9c5681c2544bcff434794b2c66fa0a4676329c19b7', 'WA-036', 'WA', '2099-12-31 23:59:59+00'),
  ('f3947d61e8ddd905ba48cab21846479cc40e51556cb56ccd347dcef5035d08d2', 'WA-036', 'WA', '2099-12-31 23:59:59+00'),
  ('b0d927f45b3821b5e9d818189245cfff33f4a8a2c27900bb2b465712d1cf0ec5', 'WA-037', 'WA', '2099-12-31 23:59:59+00'),
  ('d00df4fb6a33a5e6177a8e38c181fdca8c8952e3d5b90efa100b53fe2f8e9abe', 'WA-038', 'WA', '2099-12-31 23:59:59+00'),
  ('2a6db39957a3b608cb9efdfc63ef38082ae49c9fc302a5436f41352a602d67d1', 'WA-039', 'WA', '2099-12-31 23:59:59+00'),
  ('e477c5a2949ccb1b20dee826636559f58af6491d7b4852dc4c610381d0b92d56', 'WA-040', 'WA', '2099-12-31 23:59:59+00'),
  ('4c8b49df98f000c682ac8beab5597d9c2f6b287867626fba136d9c6078d7a449', 'WA-041', 'WA', '2099-12-31 23:59:59+00'),
  ('900bad057a1ddcec7db2e74f94c8af52ee588a87a8aa548bbb1c8128631c3995', 'WA-042', 'WA', '2099-12-31 23:59:59+00'),
  ('8f03afaa29e251de4b6c7984fef3bcaefb5714ae4d5b06c9770516e5029c4563', 'WA-042', 'WA', '2099-12-31 23:59:59+00'),
  ('218e9f320c663475907d9e3759194f90f5f9e0f77bcc56ef38d9cc28c5df7ed0', 'WA-043', 'WA', '2099-12-31 23:59:59+00'),
  ('ecb9f582d2a7b079367fcfe47073a5b97298e937801e1cec2b0453c87eff87d5', 'WA-044', 'WA', '2099-12-31 23:59:59+00'),
  ('29d18b78068378c93b066aff52610cc42b663af78c94371c7affa0503fc8ebab', 'WA-045', 'WA', '2099-12-31 23:59:59+00'),
  ('2bed7cb40e7e7554c0a77035435fd3c712b20b360539b078b7335260f05f5316', 'WA-046', 'WA', '2099-12-31 23:59:59+00'),
  ('cb85f4ec40715fa66be5af13e4a0ffd9e74b0f667b6e15c8e96aa12bae0f0019', 'WA-048', 'WA', '2099-12-31 23:59:59+00'),
  ('c7bf5c5c0d1da6d0ea79f37bf900eaf72876ed522b2db78a42717d7c8a98e753', 'WA-049', 'WA', '2099-12-31 23:59:59+00'),
  ('73c22d4e73c4af697f674685a3e32bca8ac2ac6d62415ca748c7c4f4be151cb0', 'WA-049', 'WA', '2099-12-31 23:59:59+00'),
  ('ea1f4f8525059c05ca109f4776f046f2b3fd194c85a929e1643c30bb56273fa7', 'WA-050', 'WA', '2099-12-31 23:59:59+00'),
  ('28f11a367fd12e93821e38a3f9bcd3be2691829222e7b2ff92c809f537edda11', 'WA-051', 'WA', '2099-12-31 23:59:59+00'),
  ('96614c01f729443f35655be00bfe4e1e6a2bc8deecf567755584f81e0bc04b9c', 'WA-052', 'WA', '2099-12-31 23:59:59+00'),
  ('a81291e5362aa299673aae96e4df8ec98ccb6f029a771696ddf387d5fc4a52e7', 'WA-053', 'WA', '2099-12-31 23:59:59+00'),
  ('d80854fb1c44271fa67e8f7a2e5dd1a7c639049ab350ec5b7d34163823f2f689', 'WA-054', 'WA', '2099-12-31 23:59:59+00'),
  ('e7f7b2d471406b11adb9e9642843b940d64834f949423c9d7edfb0380e1208c4', 'WA-055', 'WA', '2099-12-31 23:59:59+00'),
  ('2b71bd5f26de65e57f0856f7f487e50c7b8bd38fa68451aa1f511fd0a979386a', 'WA-055', 'WA', '2099-12-31 23:59:59+00'),
  ('74ea014f3f3936066d00bc761499fb224bedf1212f1e4e2cf4d8d43d69a12aed', 'WA-056', 'WA', '2099-12-31 23:59:59+00'),
  ('49d8068dab2dbf078f48073263b35c29c1a3c9ebbed17e57be98895650097d46', 'WA-057', 'WA', '2099-12-31 23:59:59+00'),
  ('c6ace59c7ccf380a7a7d78f0191b2f979c2d5983e553f434e3e03252c4a47a14', 'WA-058', 'WA', '2099-12-31 23:59:59+00'),
  ('8e41eaaa9a37a1f9d84668875fe895457efaea7bcf3aae3488918e2066d5dd39', 'WA-059', 'WA', '2099-12-31 23:59:59+00'),
  ('c602eb090bdd57ec5262bfbfda9693e0c701d6355827567003bf481ce38bcc5b', 'WA-060', 'WA', '2099-12-31 23:59:59+00'),
  ('d5f2b7f5ba20ddc712a5b0f776b1852346d7366c0bbd0a1d6a5067d2ee88c158', 'WA-062', 'WA', '2099-12-31 23:59:59+00'),
  ('008e4fae0a491d4e96208d9f79212eb8a065fd673b710cef010e65e83c5b3fcd', 'WA-063', 'WA', '2099-12-31 23:59:59+00'),
  ('dc00831c4604074f6039f8741d54b65c57820bfe22580482ef815f235d97710c', 'WA-064', 'WA', '2099-12-31 23:59:59+00'),
  ('fecafa610547646c4b340e6103d593a3c7302bbbe1cd1089fd164108db7fde96', 'WA-065', 'WA', '2099-12-31 23:59:59+00'),
  ('57b102eb6257160e61db81e68dea0f1d0fbbad20db1163e6e0d9811b91348d5a', 'WA-066', 'WA', '2099-12-31 23:59:59+00'),
  ('887f314d03a33329c216bb4bf1ee2cc6f4c7e82efd2a1f09b886ecb9a332dba8', 'WA-067', 'WA', '2099-12-31 23:59:59+00'),
  ('5ba3e57f4095e2a96d07e7f5ea90cd60f0041bd38091ede986bdec2d4eef774f', 'WA-068', 'WA', '2099-12-31 23:59:59+00'),
  ('cf8e71f7c2151de5c92e7b63e9202d4734c4e968554412840b49470d89d0f339', 'WA-069', 'WA', '2099-12-31 23:59:59+00'),
  ('54b9249c641ded272c367da3428dda0fb29291635a3474f33e0dff689c1d1a2a', 'WA-070', 'WA', '2099-12-31 23:59:59+00'),
  ('383c3c726314af38c9fe724df45cd0bfae654892267e020ed15863418e6657fe', 'WA-071', 'WA', '2099-12-31 23:59:59+00'),
  ('d5ef2234d171a42391ea90668d04f91bbbe6a861c2d5db15e9d0a442ab3be904', 'WA-072', 'WA', '2099-12-31 23:59:59+00'),
  ('12740dcab6371debd5ce81ce5b9d4e23941851b9d4c15253665b82edbf0d6c36', 'WA-073', 'WA', '2099-12-31 23:59:59+00'),
  ('8d29daf32225bd895600e92ae1905fdad1537764bca3780e50e41ba5a4f008d2', 'WA-074', 'WA', '2099-12-31 23:59:59+00'),
  ('9cdbe48b83e4516b3582f556231467e24858e0f460e49b0ea023da787b093451', 'WA-075', 'WA', '2099-12-31 23:59:59+00'),
  ('a3a7e6f246fe68a46c2f34278f1b4fee8554b0458a24f630bd02563dd0d8716e', 'WA-076', 'WA', '2099-12-31 23:59:59+00'),
  ('b148f02328e1be60140c3700cd7a538a538039b18e3a128ae7c7a75415186426', 'WA-077', 'WA', '2099-12-31 23:59:59+00'),
  ('40f51b4805deb2d1ca5618170aa6d3ddd5a2927b4f5c5abadea660d50c2501d7', 'WA-078', 'WA', '2099-12-31 23:59:59+00'),
  ('e2f0ec28a207d8a3c29f3196bdfe0110cba965f6401fa8117e991b475168e6d6', 'WA-078', 'WA', '2099-12-31 23:59:59+00'),
  ('157eb097b88eeff1a0fc665e1b59a39456d1e108eeaf07b988dca5c813fd17c0', 'WA-079', 'WA', '2099-12-31 23:59:59+00'),
  ('a4ee3f9a73e70e29469232600509e37a33845ea7b4c9bdae863cd528aff6ad08', 'WA-080', 'WA', '2099-12-31 23:59:59+00'),
  ('c64e63bd59e3061ae4d0538aa695776bece54e843550ee7922c0d0fd5fcd8b71', 'WA-081', 'WA', '2099-12-31 23:59:59+00'),
  ('2dd2d674cf83a5a389942f09115922d201d5ca8d65d337c32c91207f6906d3f5', 'WA-082', 'WA', '2099-12-31 23:59:59+00'),
  ('77eda4f3276469d45e76a81bb54060a087d7d223299dc10fd9274a1abb3a0f2e', 'WA-083', 'WA', '2099-12-31 23:59:59+00'),
  ('e6ea2352051286eead7dae8f34dfa64d1fcd284b8318519a723fc93a507769d7', 'WA-084', 'WA', '2099-12-31 23:59:59+00'),
  ('406b9c6b2bcc7388facc1e92750d81addbed298ae7c744c771442bd033ed5c12', 'WA-085', 'WA', '2099-12-31 23:59:59+00'),
  ('acdba3acd8748cb3804750e016b12640e3858f31ec214580f1c96fecd538ab30', 'WA-086', 'WA', '2099-12-31 23:59:59+00'),
  ('6e25139abf4b33200b1ed76281a3b2d4b8fcabc168fb8483354903e41ec0be5d', 'WA-087', 'WA', '2099-12-31 23:59:59+00'),
  ('a5b6b72bef6613d5f891eab2623d4426708d881a48c59afa8598a9810d4bfdb9', 'WA-088', 'WA', '2099-12-31 23:59:59+00'),
  ('1d27705b94b1c41735bceea91df01f823a844c351cb9a92b0fcb14ab0cb7dded', 'WA-089', 'WA', '2099-12-31 23:59:59+00'),
  ('d454270d7eed27c3e7143376e9415276c6b14b95d4a2c6a7be7bf1974a3d7704', 'WA-090', 'WA', '2099-12-31 23:59:59+00'),
  ('a6a1be809490399a79b1ae3f256047fd5e17367d21d623a4b7a04d55c2a1692a', 'WA-091', 'WA', '2099-12-31 23:59:59+00'),
  ('beffee158dee0ae5b39922430c0adc900da287c7bb18d5e414d3a65b39f799b7', 'WA-092', 'WA', '2099-12-31 23:59:59+00'),
  ('d99b1188f6277cd3c5459a7d4c66e87e886b3fa60b49c032a40f470199055ff2', 'WA-093', 'WA', '2099-12-31 23:59:59+00'),
  ('fae7f84f22d679e36e3309fe0818749d22e428b27ba69b3a5aacdc7c1f8d9c1d', 'WA-094', 'WA', '2099-12-31 23:59:59+00'),
  ('fd5922bf247b85477b540f4bf547f005d8b568986802c20c2bf4c8dc889c9bea', 'WA-095', 'WA', '2099-12-31 23:59:59+00'),
  ('ce097d4729dcb5d445a0e15baa93c261f73ec1964b7b74fed9abe850c3d7e4bd', 'WA-096', 'WA', '2099-12-31 23:59:59+00'),
  ('b64a849f303338bf9afbe8736e3374ff3a08d9476c1c75e5ed3a39089b08d0fd', 'WA-097', 'WA', '2099-12-31 23:59:59+00'),
  ('f0948241ca400a666ba041c4c5337ac9a875e216d776bacc440a58bc8e073279', 'WA-098', 'WA', '2099-12-31 23:59:59+00'),
  ('ab7e9313526691f630fbd51148b8caf31b2ded5ceee4e931e7b8b25d7348629e', 'WA-099', 'WA', '2099-12-31 23:59:59+00'),
  ('9d532d790df296aa17b20d64a4dcd17e45c87c0eb402a38f46dae7e4a60a037d', 'WA-100', 'WA', '2099-12-31 23:59:59+00'),
  ('b29f8864899c3dd42c5ef9312a5d602875eab95751aa01a056ce1b2bcd9dec39', 'WA-101', 'WA', '2099-12-31 23:59:59+00'),
  ('3a5e9e40ca7dcfe50199813c8112b540de5179a3de9deea33eb5f313b585b1d7', 'WA-101', 'WA', '2099-12-31 23:59:59+00'),
  ('1cf310fc7270ea4a6d642073d61fa3249c7f39a6895fd6b5e76c85d70ef12a03', 'WA-102', 'WA', '2099-12-31 23:59:59+00'),
  ('ef67f5eebb21342529d7c5a2f12f254fb2992c651247f06be5ce56fd2afec6d1', 'WA-102', 'WA', '2099-12-31 23:59:59+00'),
  ('7b8c654711d94c431fc47ca2d5c71ad7933a416f077e43ede029cf0caf6d23b5', 'WA-103', 'WA', '2099-12-31 23:59:59+00'),
  ('1e75607f02227dc4c3abd29cfd7bd8a02d7b8a833e9d786fcf44de55c7d31b8a', 'WA-104', 'WA', '2099-12-31 23:59:59+00'),
  ('3de8e558ff6bca0a8e8ecf18fe7b0e32f918e45abf4af486475c4dd2a6d4df4b', 'WA-105', 'WA', '2099-12-31 23:59:59+00'),
  ('990a6b48313f434d8cbbd2541e14db090c7234078fd68b0cdadf2ecd42e591cf', 'WA-106', 'WA', '2099-12-31 23:59:59+00'),
  ('d9a8641ce8f65e6bfc436faeca3bc5cd3c5b5be0abe376c8fa53b1996ea3da9f', 'WA-107', 'WA', '2099-12-31 23:59:59+00'),
  ('b298fa80697d87258ec3b8c93b951abf3fb94e536b7a25334124d4e768d7dfcd', 'WA-108', 'WA', '2099-12-31 23:59:59+00'),
  ('c0dfd6198b0907ae53ea0ffcb47961853d7a258f9bb9a5094f0161cb51996234', 'WA-109', 'WA', '2099-12-31 23:59:59+00'),
  ('a53be278181a8b19a86956b5c92e453c3a9e23a1242aba4fa609e821fd3479c3', 'WA-110', 'WA', '2099-12-31 23:59:59+00'),
  ('548fd9335decc073563add0d97660a612aedfce88b6acb54a2c5502d8557f497', 'WA-111', 'WA', '2099-12-31 23:59:59+00'),
  ('fa20aeeb5ab4d5ab499cc7613d5b6e7a38ee80e1bafb87a143ce3ff26e5398fa', 'WA-112', 'WA', '2099-12-31 23:59:59+00'),
  ('c42f537e9bab025563f79fe3d33ec14f8bdaea4effb7598332911050fb2cc38e', 'WA-113', 'WA', '2099-12-31 23:59:59+00'),
  ('b62d0e534da308be256fd6f3ea5192f1b4be10385f58a9a47e2281a9d3d39d36', 'WA-113', 'WA', '2099-12-31 23:59:59+00'),
  ('edfd8dde9f0f592fc978720e28d9894f7472d571efe5f58429927f6f27c61ec7', 'WA-114', 'WA', '2099-12-31 23:59:59+00'),
  ('0d4df9825f1dd1403a58100fed866fe058a25103ef2fc76b504a5bd59b0182b2', 'WA-115', 'WA', '2099-12-31 23:59:59+00'),
  ('9bac1f62bfdef79df6dd977f6163e38d60fe1e13897cf74118f185da33a5a4b6', 'WA-116', 'WA', '2099-12-31 23:59:59+00'),
  ('70762ee805370c008f06a397550f5abf652431947cf163087f419ccfe9264815', 'WA-117', 'WA', '2099-12-31 23:59:59+00'),
  ('b3139fe43cead291b2a956a5fb4b8322e5df91853cce3df461e80dee9717da10', 'WA-118', 'WA', '2099-12-31 23:59:59+00'),
  ('cfc2ac6f6da738eb663200fbd146d6881f9569bb93530b87791ebbb026697722', 'WA-119', 'WA', '2099-12-31 23:59:59+00'),
  ('15595dbd0c1a0ef46dd3f77c523cbd915e960911da965a3832a6a59f110ae8ea', 'WA-120', 'WA', '2099-12-31 23:59:59+00'),
  ('096b25c613bae651548aa44021106f4778a6bef500fe8c9ee9e3158a62e5b4a9', 'WA-121', 'WA', '2099-12-31 23:59:59+00'),
  ('4d911559a85782c093d8052b86d184cf0adf28a5816ffb686f95efd25e69e43a', 'WA-122', 'WA', '2099-12-31 23:59:59+00'),
  ('836cefd666f77e484cbc425e89ef85066e3c6acf6948600514e19d7da39719d2', 'WA-123', 'WA', '2099-12-31 23:59:59+00'),
  ('2b0b3f74ff4a765ac4837c998889f7bcc088000d5abc84215f3c8678bc05f439', 'WA-124', 'WA', '2099-12-31 23:59:59+00'),
  ('96db9cb5407278e675df89851ae6cfc307ef609d2770e95b898bc8f85dc141b0', 'WA-125', 'WA', '2099-12-31 23:59:59+00'),
  ('131a8304324f43ea03755b0e42c830b80df940ef461fbab25e44a0d301e7114c', 'WA-126', 'WA', '2099-12-31 23:59:59+00'),
  ('71c6cf5ae0de526754545237053faa2e80005dc5eca4fbf59d8cf878b481f80d', 'WA-127', 'WA', '2099-12-31 23:59:59+00'),
  ('86bd4a44b31ca121c0c5a52e13b041e57931b8f72474a24492fd06b88c339d23', 'WA-128', 'WA', '2099-12-31 23:59:59+00'),
  ('5f34fe634e03b1ece5855231d0bd5beed4fd53f1270ce9a1de4ff920be22b8b2', 'WA-129', 'WA', '2099-12-31 23:59:59+00'),
  ('6a5754f8563e7c3372f1fb10cf2d11415ef0507e5fc2d7303bc094ae72bdde7d', 'WA-130', 'WA', '2099-12-31 23:59:59+00'),
  ('62f1a256f90b5a0c12eb4554075c77fe0db230e588d351dd10bc50588cc1d88c', 'WA-131', 'WA', '2099-12-31 23:59:59+00'),
  ('4c3a7793e102e52a1a0c8040f55ad7ec457195fe444d4c8e399aa9bedb604a97', 'WA-131', 'WA', '2099-12-31 23:59:59+00'),
  ('d9b6be8d4fd1c5d0b083f53aa2df3b64a17c39fce189304b51400c26d0ee0acd', 'WA-132', 'WA', '2099-12-31 23:59:59+00'),
  ('fbd856c3a63da79e7542c081cac7daf04622a09d8584cedee6d0c87333b24419', 'WA-133', 'WA', '2099-12-31 23:59:59+00'),
  ('6d16610875f7801d170b9cb5d757b363d95df2cb79694384296867aa25f3346e', 'WA-134', 'WA', '2099-12-31 23:59:59+00'),
  ('535e3dbad2f45ec9c9b0bdecb009d7b59b4b6f9151db120b9e86cb48532643fb', 'WA-135', 'WA', '2099-12-31 23:59:59+00'),
  ('80e28c8c46d9580e8614db3f252981bc81f5c2d0c9fbb611f3d984af62c56b4c', 'WA-136', 'WA', '2099-12-31 23:59:59+00'),
  ('6c6df259076697288e20f1aede4a0c1e70dae39fc1bb8219168f857f7a176068', 'WA-137', 'WA', '2099-12-31 23:59:59+00'),
  ('ca532e02fff2a87751423c30984df5a84fa9ff403ff52d0d1b0f548132d23162', 'WA-138', 'WA', '2099-12-31 23:59:59+00'),
  ('99db9143e4841a342682efcad233bc15d52ccd83b0ca93f5968dec0db7f16d1e', 'WA-139', 'WA', '2099-12-31 23:59:59+00'),
  ('f60dc7ad0f1b886e86def9cd3cd4c284287484c33bd16d5c6b77c92812168f95', 'WA-140', 'WA', '2099-12-31 23:59:59+00'),
  ('4097cce78218556271a9952a1df08b38796d1a5a1864eb7039204a0b30a73eee', 'WA-141', 'WA', '2099-12-31 23:59:59+00'),
  ('327c1c11d8e5fde9e09cb8dbd9a0061b826fe2f1ba1b78670313fa715e090c16', 'WA-143', 'WA', '2099-12-31 23:59:59+00'),
  ('75ce0626fe003002069cd04ad6dca1016cfb9831fa3b5f6d9e8e0309862b45f2', 'WA-144', 'WA', '2099-12-31 23:59:59+00'),
  ('f50cb439d79156b90d579e4dea827405e474969a69c1c3f5aec3af070e042cd5', 'WA-145', 'WA', '2099-12-31 23:59:59+00'),
  ('a4e9bddae05b5df8ce51ba5b2de70109f670bfda2fd805ab6f12de240413a680', 'WA-146', 'WA', '2099-12-31 23:59:59+00'),
  ('cc836720eb3400aab5860670d61256966cc4312511bb8b088888be795cbd5b05', 'WA-147', 'WA', '2099-12-31 23:59:59+00'),
  ('7c20f4b9f43cc53b9d13341793d7a51c064a6927f64331f7bb89b6135c961c69', 'WA-148', 'WA', '2099-12-31 23:59:59+00'),
  ('525e6a92d5f825fa4315eacb8cd90726043b16cb0cf652ac76f405195d4e85c1', 'WA-149', 'WA', '2099-12-31 23:59:59+00'),
  ('4d1a3330321c1d1da33be55f822720464664bc98d2b27ac8648d3f9ed65d36f1', 'WA-150', 'WA', '2099-12-31 23:59:59+00'),
  ('6aac1ef02f95ddb0e46046cf4db50a37dd51a14ca5d4503a633d43879cb10a68', 'WA-151', 'WA', '2099-12-31 23:59:59+00'),
  ('572375979f4cea732cf959b4c4a24a1a0b4d809e3c23dc78d129c5fc0e838dd1', 'WA-152', 'WA', '2099-12-31 23:59:59+00'),
  ('87b405b7b9ace062409855c487275a528505b4e17c09f2e6109b106db2b2d110', 'WA-153', 'WA', '2099-12-31 23:59:59+00'),
  ('ca7cf8ff01746e7afb135157e4cbca5ea6f09a4faec59c978c7b5d19197e671c', 'WA-154', 'WA', '2099-12-31 23:59:59+00'),
  ('1db2670818fde5ccc686912c012aa7ee61901585fdef1ea395bc705c33b507bd', 'WA-154', 'WA', '2099-12-31 23:59:59+00'),
  ('58974d195cef57fa1a60c8977df0fb1b055fceb6b9770ebc124f17a8159ae30e', 'WA-155', 'WA', '2099-12-31 23:59:59+00'),
  ('9dd549778aaac02a3beb61083154b637dd88483d410d8f4a50c7f195a302f5df', 'WA-156', 'WA', '2099-12-31 23:59:59+00'),
  ('5ed20f67847f37e24a9a36f49f19a62380774af858d3502e95dc495b35743621', 'WA-157', 'WA', '2099-12-31 23:59:59+00'),
  ('8084c038e8277e1f61c8153feb0dd969d2c17f6893257fee07c66f9638417e41', 'WA-158', 'WA', '2099-12-31 23:59:59+00'),
  ('77bcc2d28d68c78ef53b9f3261269a16f56c503815e01a85743590240e4e32b6', 'WA-159', 'WA', '2099-12-31 23:59:59+00'),
  ('3da175ff7175b162614eca867c041fa664ef98ec9c1fcbc1797e1a4852e89272', 'WA-160', 'WA', '2099-12-31 23:59:59+00'),
  ('9844d6c6e4c81c562690e5dca7300df5081ebdfe351c1fc0b5f7c8b5f20d72bf', 'WA-161', 'WA', '2099-12-31 23:59:59+00'),
  ('692c0f12e7143b16af951145d30b098e5d795f0b4b2c2779cc2a747b17c9b87d', 'WA-162', 'WA', '2099-12-31 23:59:59+00'),
  ('ec30952b505ceca2b4f8c0ce6ea1507f3d3ebc10ec00c3bb7133c5929a0a8b4b', 'WA-163', 'WA', '2099-12-31 23:59:59+00'),
  ('8487445fbcb7e838d7d3093a0395da270e684d57e224b3c145f00d94f54a2ded', 'WA-164', 'WA', '2099-12-31 23:59:59+00'),
  ('26a886c51879f23452f287e3481495c8331005da8f699fe7255f75fd725e524a', 'WA-165', 'WA', '2099-12-31 23:59:59+00'),
  ('6564994573239a12933655a9d5732f264b5072fb6d5550ead3718d67c9f4646d', 'WA-166', 'WA', '2099-12-31 23:59:59+00'),
  ('d692ae4c03c5c86d9e83b3f644413a2c4f9e42e2b27029fcc9c96296274c6770', 'WA-167', 'WA', '2099-12-31 23:59:59+00'),
  ('cf9efb084835fb3efa69b4067d55e5b2591fe4269ec51953fabe1da458339aeb', 'WA-168', 'WA', '2099-12-31 23:59:59+00'),
  ('6d30b255d8a90ff85a65728e1f2bfcec37e41eb2cceb6472c02f1f7327d6b6d5', 'WA-169', 'WA', '2099-12-31 23:59:59+00'),
  ('0fb98995257cf7b6a793a2ba3cfabab97fb73e54aabe1c48b8abafa36f07e751', 'WA-170', 'WA', '2099-12-31 23:59:59+00'),
  ('14d995d807b923c62b0656627ff973c1354ba2c8b321aa65a84bfb788fbcfddc', 'WA-171', 'WA', '2099-12-31 23:59:59+00'),
  ('98190210a86b88bdafb9205df30c168912f23c043701a67f692d19fb3852b677', 'WA-172', 'WA', '2099-12-31 23:59:59+00'),
  ('b8167655572b229d0c304575973f15972e7c54ac5ebe8117f0c47354dfaa5685', 'WA-173', 'WA', '2099-12-31 23:59:59+00'),
  ('c1e7a80fe03a03505208340ce1d7d6a84cdd89fff0e8a0f064557dc7b22ba25b', 'WA-173', 'WA', '2099-12-31 23:59:59+00'),
  ('4e5f60114d6e4fe35bd2a571d4e39dd3e0f85fb7cf167d5c0e08f49ec06259ef', 'WA-174', 'WA', '2099-12-31 23:59:59+00'),
  ('19c77f673d3d71e9ddb960e9a9b185854b00cf1e228861de2b05dac7d61c3ffd', 'WA-174', 'WA', '2099-12-31 23:59:59+00'),
  ('6c6a449cfb65557c67df83df64f2d7325e533f1c85de2858565531b210de7a96', 'WA-175', 'WA', '2099-12-31 23:59:59+00'),
  ('a9e8845b1bf8dca2492ec0155b1a4348c0f70ab84ba0ed463a0e4cdfdb954aef', 'WA-176', 'WA', '2099-12-31 23:59:59+00'),
  ('de7b1858c0e3b221b69b6ad383efa7e95a1a36eeeaad01e7aaf7058827d3beb6', 'WA-177', 'WA', '2099-12-31 23:59:59+00'),
  ('a7c28c6da451808dceb7005644ba481b34b82b3a0c7da6dab53f7b86585d9148', 'WA-178', 'WA', '2099-12-31 23:59:59+00'),
  ('4768c745675e012382699fc782068f8288fa83f5d822d6cd83908155682f18c4', 'WA-179', 'WA', '2099-12-31 23:59:59+00'),
  ('f54830d4b0265472a168e80774cfcff742dd57c975964673cc07644490f04aac', 'WA-180', 'WA', '2099-12-31 23:59:59+00'),
  ('d5cedaa6f9411f531522e865cf0a13038165cabe410e9d5caf3b00afe852faa9', 'WA-181', 'WA', '2099-12-31 23:59:59+00'),
  ('aa8004a5600ff57f4a5212d31f6a784bea31333fec00faaa4d671fd2c6ce3305', 'WA-182', 'WA', '2099-12-31 23:59:59+00'),
  ('6caa3a8a175f2c84eb2c21af0bf8a4ace3f8dbc327334229f0a2ef5ba44a614d', 'WA-183', 'WA', '2099-12-31 23:59:59+00'),
  ('8de6af976e959e50b495b97582995693f4cc53a462fcd267c1272548f003858a', 'WA-184', 'WA', '2099-12-31 23:59:59+00'),
  ('7c230a7d7f1f272f4d00eeb03d3e1fd4cfb3a762352dd9cfe1756806a5a55ad4', 'WA-185', 'WA', '2099-12-31 23:59:59+00'),
  ('85c4fb4aae25df336f09275256e6632053b493198a490a7f9b89c1d537b64c61', 'WA-186', 'WA', '2099-12-31 23:59:59+00'),
  ('0e62011c5a5b5f036370a378de576ea2303633b6e9177f7af15e8829c7b41bd1', 'WA-187', 'WA', '2099-12-31 23:59:59+00'),
  ('5a388917a7105248f9a6786659d5e08a848f42d390efd69159b5b7c58239bc5e', 'WA-188', 'WA', '2099-12-31 23:59:59+00'),
  ('4744f0e1b9f9ecd02921fcd30d764f8078b09678f3984a74828f6cc87caa7b77', 'WA-189', 'WA', '2099-12-31 23:59:59+00'),
  ('63ca99ff8c3d6c26c72c8b98f7a0153a1a7bdc11b42c3573a50a6b8e8ff6ca2c', 'WA-190', 'WA', '2099-12-31 23:59:59+00'),
  ('9a099af7dbf3fe3a6d997a59f258ea6ee202e862b7c842262dc2e32765c28725', 'WA-191', 'WA', '2099-12-31 23:59:59+00'),
  ('055e4f938d1e8fda2d87edbccad7b8541fca2bb027af61ddc9e02b90bab5dcc1', 'WA-192', 'WA', '2099-12-31 23:59:59+00'),
  ('2b94931c892a3ef324f04404a00fc84645dde0db42f70ac485f019727652329d', 'WA-193', 'WA', '2099-12-31 23:59:59+00'),
  ('ece49928f30c4a9b953ba59271f82780e00eae542bf2c739dbc4b1724541de52', 'WA-195', 'WA', '2099-12-31 23:59:59+00'),
  ('59f39d1b6e59f0aa7a13679f4521715c7d0c6c9d57f84a827c2dc9380a20fab2', 'WA-195', 'WA', '2099-12-31 23:59:59+00'),
  ('83c6260f04a0c9491c16fc8b3335cca5b36372c45d35eeef1b5b63d2c3c2ae6a', 'WA-196', 'WA', '2099-12-31 23:59:59+00'),
  ('e385bb84562415685cc2329e5c6a488d7afdd3d4344083870bb1b4de1eaedcf6', 'WA-199', 'WA', '2099-12-31 23:59:59+00'),
  ('b2ce401af0cb4788a098255e34a125424778e20a8353069211e4402549e8cc95', 'WA-201', 'WA', '2099-12-31 23:59:59+00'),
  ('752b67e62c0d36caa021b17d25b9ad757c1bece412369170745350bde3489c14', 'WA-202', 'WA', '2099-12-31 23:59:59+00'),
  ('01d2d09ed21ac49b9a82f118313434ed9f0c198b0de8607d40b3e316e9a7c3a4', 'WA-204', 'WA', '2099-12-31 23:59:59+00'),
  ('ab5f1411777e37d17d0767027d4b1a175ec57227ec078bf3f961a149dc74cf9c', 'WA-204', 'WA', '2099-12-31 23:59:59+00'),
  ('4729d25edc72559e87e7a5dbd91e5ab9311b42d18311d957800514f9931e7d61', 'WA-205', 'WA', '2099-12-31 23:59:59+00'),
  ('8c96ecb416489e9ade3511c76044a1cdf3cc58867bc456344e8a6aff251f0e2e', 'WA-206', 'WA', '2099-12-31 23:59:59+00'),
  ('f9269a9713d3bc87db9c07c0e8a19d7eee49cd97e63a6ad26c18220d846d5df7', 'WA-207', 'WA', '2099-12-31 23:59:59+00'),
  ('3fa116dbfef6d6a09bc74f0b81a4ff01daf7108c040f004d202ddfecda7601ae', 'WA-208', 'WA', '2099-12-31 23:59:59+00'),
  ('e232515b316723f5b8d84a2760f1b386d53fd2429ee86351bad1eba3a23a6f9a', 'WA-209', 'WA', '2099-12-31 23:59:59+00'),
  ('4041b155d883424fc65c4ff8eecabdaa20ed5186dc928416ac297468576f2902', 'WA-211', 'WA', '2099-12-31 23:59:59+00'),
  ('6fceeb8b224d9c6fbd03a0dfac87e969fe1e72fc59a1a7c233c4642b444abe57', 'WA-212', 'WA', '2099-12-31 23:59:59+00'),
  ('e27850cc4adb74f3d0e6c90571e8dfbb846265e8e8bca85331a5b20ba562c4f4', 'WA-213', 'WA', '2099-12-31 23:59:59+00'),
  ('8e4f91d61c67276c75a2e5cee1abf8fd30d17d87f238947652ff30d0e2aca950', 'WA-214', 'WA', '2099-12-31 23:59:59+00'),
  ('b5185f6ee0161fa463f64b62e1b44a546d7bbca29a6bf3c2eec5f1b7149be83c', 'WA-215', 'WA', '2099-12-31 23:59:59+00'),
  ('7a336843a87dcb57b7d9564583bb208e6d21edf6caa16bc72180a4fb2587f325', 'WA-216', 'WA', '2099-12-31 23:59:59+00'),
  ('b31fa859a6f7873661a9966c899acb4dadb1d215d3080462e1657a09e6006f7c', 'WA-217', 'WA', '2099-12-31 23:59:59+00'),
  ('31df8dbd7c14aa7da3685facb927cf427a411ebd5a447dd296a058cfd67a6915', 'WA-218', 'WA', '2099-12-31 23:59:59+00'),
  ('4d60109a32096ea4c121c2e8a9e93972871c948a26c471028d28d88dd97362a3', 'WA-219', 'WA', '2099-12-31 23:59:59+00'),
  ('ee4399acd68fb83893ff04e922ccfca86e6c1ef13c7d71e3573c06c9cc4174e1', 'WA-220', 'WA', '2099-12-31 23:59:59+00'),
  ('48285b08d5624bbd93d80e2df12e6b0d1d87fc11772d9d91612312bd46bc3ed3', 'WA-221', 'WA', '2099-12-31 23:59:59+00'),
  ('26e05b1fa59f91ada001a4515a4d1e1f0b37293bbd77008c49c947079887650a', 'WA-222', 'WA', '2099-12-31 23:59:59+00'),
  ('5f8e857291f32768ba0f13bac5bccc86ddaa811549af8a8c49e584755b11f7bd', 'WA-223', 'WA', '2099-12-31 23:59:59+00'),
  ('488fc88c1872c55eaf218f86da78b249d05058269c2d15866b1cb9ee27321cee', 'WA-224', 'WA', '2099-12-31 23:59:59+00'),
  ('905d9521264249d27594fdb66f2755953ce54699a654761a72d67d534434dea4', 'WA-225', 'WA', '2099-12-31 23:59:59+00'),
  ('f8360a4f9dbb4edd69e7e2b11d9e2edb0ddd1e2df377a58c2c6b66883ccf5f97', 'WA-226', 'WA', '2099-12-31 23:59:59+00'),
  ('27f0bf886852acb69fb61795c7ec26e4ee63e60fd2ac52cac2656a2f8fae2629', 'WA-227', 'WA', '2099-12-31 23:59:59+00'),
  ('1e9c2cb1bf651fa4d12fb5f662a203946914464f3b34dd33e99f3793fd95aebc', 'WA-228', 'WA', '2099-12-31 23:59:59+00'),
  ('a9f627f020b8d0780eeb369741a66f4953a4b368061d743c39429a348dd49fde', 'WA-229', 'WA', '2099-12-31 23:59:59+00'),
  ('876c2ec6af218ff902c66a55aa960e84ef85e617813558e0704d9056a5642661', 'WA-230', 'WA', '2099-12-31 23:59:59+00'),
  ('4c0de7ef2ab21ed75ebc0d8f3e40a8a1f8ebdd0daa09d81763df83d3b6e0557f', 'WA-231', 'WA', '2099-12-31 23:59:59+00');

commit;
